"","p_val","avg_log2FC","pct.1","pct.2","p_val_adj","gene"
"Gm42418",1.76394662399228e-299,1.58106702171852,0.996,0.995,4.4326214714302e-295,"Gm42418"
"Lars2",5.99903339232402e-77,1.26375215991849,0.719,0.478,1.5074971011571e-72,"Lars2"
"Tnfaip2",1.39658321098664e-38,1.24848255811471,0.682,0.491,3.50947395088832e-34,"Tnfaip2"
"Hmgn3",8.11497085081252e-31,-1.30612591310639,0.094,0.23,2.03921102510068e-26,"Hmgn3"
"Ttll7",9.59671917285189e-31,-1.18146949501287,0.109,0.251,2.41155956094595e-26,"Ttll7"
"Prdx2",7.68375367427577e-29,-0.984337070067879,0.159,0.31,1.93085046080876e-24,"Prdx2"
"Serpine2",1.6399010938451e-28,-1.00864101457227,0.122,0.263,4.12090745872336e-24,"Serpine2"
"Rtn1",2.01950716085774e-28,-1.07423711733288,0.128,0.268,5.07481954451941e-24,"Rtn1"
"Rps29",3.61810312385281e-28,0.475171257737947,0.996,0.992,9.09193133992974e-24,"Rps29"
"Prxl2b",4.59721156523593e-28,-1.00179680078554,0.138,0.278,1.15523329422814e-23,"Prxl2b"
"Mgst3",2.68414809282844e-27,-1.39296132963019,0.078,0.198,6.74499574246858e-23,"Mgst3"
"Pcp4l1",4.53749262006593e-27,-1.37403146024288,0.075,0.192,1.14022652049637e-22,"Pcp4l1"
"Cystm1",7.80129461791679e-27,-0.911610106572461,0.158,0.297,1.96038732453631e-22,"Cystm1"
"Aplp1",1.73867547056387e-26,-1.65608889453169,0.051,0.154,4.36911758997995e-22,"Aplp1"
"Spint2",4.1849970868357e-26,-1.62651953228335,0.062,0.171,1.05164791795094e-21,"Spint2"
"Samsn1",1.69002713092538e-25,0.647681317832277,0.723,0.564,4.24686917730238e-21,"Samsn1"
"Dynll2",1.7270103486098e-25,-1.36006810295738,0.062,0.172,4.33980430502158e-21,"Dynll2"
"Hmgn1",5.31740940311366e-25,-1.32863544899472,0.065,0.174,1.33621180890843e-20,"Hmgn1"
"Plek",1.09403832503055e-24,0.828238931374715,0.737,0.601,2.74920890696928e-20,"Plek"
"Ppp1r14b",2.51634437668555e-24,-0.877885150387108,0.166,0.303,6.32332178417312e-20,"Ppp1r14b"
"Stom",3.03060157705565e-24,-0.806441307046871,0.175,0.309,7.61559870298314e-20,"Stom"
"Rpl22l1",3.92153044176366e-24,-0.672023562426134,0.293,0.443,9.85441384710789e-20,"Rpl22l1"
"Sult1d1",5.68370986958139e-24,-0.773495141873853,0.195,0.325,1.42825945312711e-19,"Sult1d1"
"Hnrnpa0",2.7847970182535e-23,-0.803198577987111,0.213,0.369,6.99791642716921e-19,"Hnrnpa0"
"Ldhb",3.34249659983393e-23,-0.77425466688983,0.184,0.314,8.39935970572269e-19,"Ldhb"
"Ncam1",2.27301219910632e-22,-0.650325500594031,0.231,0.371,5.71185235513426e-18,"Ncam1"
"Tsc22d1",2.8291199817368e-22,-0.622040087091192,0.232,0.359,7.1092956021064e-18,"Tsc22d1"
"Rps27",7.11389675340485e-22,0.417746611785327,0.978,0.96,1.78765111516311e-17,"Rps27"
"Chchd10",8.7966190041001e-22,-0.509527900803816,0.303,0.422,2.21050238954031e-17,"Chchd10"
"Akr1a1",1.53955047188119e-21,-0.648187142974243,0.201,0.351,3.86873638079023e-17,"Akr1a1"
"Epcam",3.5302114461579e-21,-0.475475583882818,0.328,0.441,8.87106834305019e-17,"Epcam"
"Selenow",4.90555744386769e-21,-0.581625838763769,0.292,0.412,1.23271753006951e-16,"Selenow"
"Map1lc3a",6.73169697141582e-21,-0.758620051834792,0.21,0.346,1.69160813194708e-16,"Map1lc3a"
"Olfm1",1.79940746605989e-20,-0.639296424279028,0.199,0.321,4.52173102146189e-16,"Olfm1"
"Myo6",4.91551729560171e-20,-0.592709146231672,0.21,0.332,1.23522034121175e-15,"Myo6"
"Gfy",7.18605937275214e-20,-0.483701343738642,0.313,0.423,1.80578485977889e-15,"Gfy"
"Ptafr",1.34471772345001e-19,1.14759903401413,0.3,0.164,3.37914116725753e-15,"Ptafr"
"Nsg1",1.60213668129736e-19,-0.457906063815042,0.326,0.432,4.02600926643214e-15,"Nsg1"
"Msi2",8.75007553511955e-19,-0.528847176223729,0.257,0.37,2.19880648122019e-14,"Msi2"
"Hk2",1.07587446813959e-18,1.11868326454779,0.286,0.156,2.70356495098797e-14,"Hk2"
"Cyba",1.65628729505521e-18,-0.30516483091988,0.877,0.911,4.16208434374425e-14,"Cyba"
"Atf5",1.75788280606217e-18,-0.373355852499184,0.374,0.47,4.41738370335364e-14,"Atf5"
"Calm1",2.2256215570314e-18,0.26593868339716,0.992,0.989,5.59276441066421e-14,"Calm1"
"Chga",2.66463162417357e-18,-0.39270394363227,0.351,0.451,6.69595280838575e-14,"Chga"
"Tmsb10",3.80143238613244e-18,-0.319467304647775,0.624,0.73,9.55261944311221e-14,"Tmsb10"
"Itm2b",4.99923485979049e-18,-0.292122243484517,0.995,0.994,1.25625772791675e-13,"Itm2b"
"Csf3r",9.2448168460317e-18,0.648754775585132,0.61,0.464,2.3231300252393e-13,"Csf3r"
"Ebf1",2.42894133254055e-17,-0.339597638323516,0.285,0.396,6.10368667454114e-13,"Ebf1"
"Tgm2",4.38980115322124e-17,1.32324473869946,0.221,0.106,1.10311313179296e-12,"Tgm2"
"H3f3a",4.50709964413447e-17,-0.223711234020047,1,1,1.13258906957455e-12,"H3f3a"
"Fstl5",5.68692278347234e-17,-0.314892758482708,0.382,0.473,1.42906682625876e-12,"Fstl5"
"Cyb5a",1.14516342018911e-16,-0.480232453933281,0.238,0.365,2.87768115859321e-12,"Cyb5a"
"Mbd2",1.27938264046613e-16,-0.953749458580815,0.189,0.302,3.21496063722735e-12,"Mbd2"
"S100a5",4.45015785053829e-16,-0.261242417764462,0.539,0.598,1.11828016626177e-11,"S100a5"
"Pgam1",6.14282348556318e-16,-0.491889144234524,0.439,0.573,1.54363011368717e-11,"Pgam1"
"Ckb",1.13611699344517e-15,-0.268020458471125,0.474,0.536,2.85494839282836e-11,"Ckb"
"Atp1b1",1.67170029984038e-15,-0.211052943496379,0.525,0.58,4.2008156834689e-11,"Atp1b1"
"Stoml3",1.71327592099316e-15,-0.22051830604422,0.532,0.588,4.30529106186372e-11,"Stoml3"
"Tshz2",3.34528218026606e-15,-0.248619325094136,0.421,0.496,8.40635959079058e-11,"Tshz2"
"Omp",5.15283763339563e-15,-0.212073815907145,0.485,0.542,1.29485656889599e-10,"Omp"
"Gnal",1.2677377516695e-14,-0.213980942886198,0.44,0.506,3.18569819617028e-10,"Gnal"
"Kdm6b",2.93136204188423e-14,0.664049552669874,0.449,0.314,7.36621967505089e-10,"Kdm6b"
"Gapdh",4.09577902247588e-14,-0.271189812518768,0.968,0.977,1.02922831055796e-09,"Gapdh"
"Gas5",4.23251525619012e-14,-0.333592744337435,0.291,0.406,1.06358875872801e-09,"Gas5"
"Purb",6.87858190977522e-14,-0.459657074481994,0.379,0.502,1.72851884810742e-09,"Purb"
"Hp",1.10794116883104e-13,-0.359734897730122,0.74,0.78,2.78414536315553e-09,"Hp"
"Sorl1",1.76098579585768e-13,0.39627362786441,0.724,0.613,4.42518120641077e-09,"Sorl1"
"Fis1",1.81524170688077e-13,-0.411661615641712,0.49,0.618,4.56152088522069e-09,"Fis1"
"Sptbn1",1.81720623388022e-13,-0.480556341930345,0.333,0.439,4.56645754511762e-09,"Sptbn1"
"Ndufc2",1.99324528030531e-13,-0.451132465530851,0.294,0.402,5.00882606487921e-09,"Ndufc2"
"Anxa5",2.16514063733887e-13,-0.425437967653224,0.302,0.424,5.44078190756883e-09,"Anxa5"
"Ndfip1",2.74400168375503e-13,-0.32335489716661,0.495,0.599,6.895401831108e-09,"Ndfip1"
"Prrc2b",3.06582062077476e-13,-0.820840325247952,0.108,0.193,7.7041006379449e-09,"Prrc2b"
"Selenok",4.84162447256834e-13,-0.279457529025021,0.718,0.791,1.2166518137117e-08,"Selenok"
"Fgl2",5.4391388459936e-13,0.886196417403976,0.279,0.171,1.36680120060973e-08,"Fgl2"
"Rpl37a",6.43712074405177e-13,0.244059985686138,0.99,0.984,1.61758407177277e-08,"Rpl37a"
"Ptprc",8.15335943345873e-13,0.281242589375373,0.929,0.874,2.04885769203384e-08,"Ptprc"
"Ndufb10",8.76255656288522e-13,-0.4080434461958,0.347,0.471,2.20194283868743e-08,"Ndufb10"
"Vdac2",9.38819728107631e-13,-0.560838427770898,0.354,0.468,2.35916009476167e-08,"Vdac2"
"Brd1",1.00923400302214e-12,-1.12998081633284,0.081,0.157,2.53610412619435e-08,"Brd1"
"Aplp2",1.21497118416786e-12,-0.212539396817572,0.58,0.624,3.05310108869542e-08,"Aplp2"
"Cd300ld",1.45126372250939e-12,0.460267672423365,0.437,0.298,3.64688060829385e-08,"Cd300ld"
"Arpc3",2.74788842540377e-12,-0.240928278203425,0.93,0.963,6.90516882419713e-08,"Arpc3"
"Selenof",3.16198250285041e-12,-0.479884566272472,0.415,0.518,7.9457458314128e-08,"Selenof"
"Nucks1",3.88733198777777e-12,-0.576577610050517,0.157,0.255,9.76847655208676e-08,"Nucks1"
"Rhoa",6.19123946313736e-12,-0.30308689590886,0.773,0.848,1.55579656469179e-07,"Rhoa"
"mt-Atp8",6.98095638984856e-12,1.14271420096711,0.247,0.158,1.75424453120505e-07,"mt-Atp8"
"Ubb",7.04952129142174e-12,-0.318560323562055,0.959,0.979,1.77147420532137e-07,"Ubb"
"Skp1a",7.43096238643171e-12,-0.445973352905978,0.223,0.328,1.86732653808643e-07,"Skp1a"
"Mdh1",1.95446184856555e-11,-0.268812821052346,0.354,0.441,4.91136717926038e-07,"Mdh1"
"Myl12b",2.14950707634016e-11,-0.265608478260571,0.79,0.874,5.40149633213518e-07,"Myl12b"
"Ndufb7",2.99201969892607e-11,-0.328465234796065,0.605,0.716,7.51864630143133e-07,"Ndufb7"
"Ndufa5",3.2232383600823e-11,-0.637700803220224,0.114,0.197,8.0996756750508e-07,"Ndufa5"
"Cd44",3.23100480256954e-11,0.612767965065823,0.58,0.476,8.11919196837699e-07,"Cd44"
"Ppib",3.23531175806973e-11,-0.308372218335151,0.576,0.646,8.13001491685342e-07,"Ppib"
"Egr1",3.4856245820999e-11,1.03012783142956,0.55,0.483,8.75902601235883e-07,"Egr1"
"Ywhaq",4.39053769857785e-11,-0.522862511928003,0.214,0.31,1.10329821827563e-06,"Ywhaq"
"B2m",4.43122398827217e-11,0.404876642053942,0.902,0.88,1.11352227601291e-06,"B2m"
"Rpl37",4.79452963525469e-11,0.219713459285371,0.983,0.977,1.20481735204315e-06,"Rpl37"
"mt-Co1",5.02057946394686e-11,0.264962919723466,0.995,0.997,1.26162141349521e-06,"mt-Co1"
"Ndufab1",6.73335430151067e-11,-0.881794413826339,0.101,0.179,1.69202460242662e-06,"Ndufab1"
"Rpl41",7.59714000977424e-11,0.283052941820417,0.971,0.968,1.90908531305617e-06,"Rpl41"
"Rbpj",8.24755172861178e-11,0.863755250718478,0.204,0.117,2.07252727388285e-06,"Rbpj"
"Atp5g3",9.09341505087956e-11,-0.370084874600221,0.298,0.409,2.28508426813552e-06,"Atp5g3"
"Lyz2",9.42673881698628e-11,-0.29703131550358,0.754,0.847,2.36884519732048e-06,"Lyz2"
"Marcksl1",9.92624126230645e-11,0.734108885708615,0.45,0.345,2.49436516680499e-06,"Marcksl1"
"S100a11",1.08568114351695e-10,-0.255204504116291,0.986,0.992,2.72820814554374e-06,"S100a11"
"Ssh2",1.39438151533652e-10,0.553722022066629,0.397,0.286,3.50394130988913e-06,"Ssh2"
"Inpp5d",1.4788061079834e-10,0.700649925674721,0.247,0.152,3.71609186875148e-06,"Inpp5d"
"Marcks",1.49380585898352e-10,0.697659745644098,0.371,0.272,3.75378474303969e-06,"Marcks"
"Clec2d",1.94811013405061e-10,0.743680155140095,0.243,0.148,4.89540595585577e-06,"Clec2d"
"Nme2",2.01957705574744e-10,-0.560044156201208,0.185,0.283,5.07499518338775e-06,"Nme2"
"Ppt1",2.05378990335882e-10,0.879190779846565,0.212,0.126,5.16096864815039e-06,"Ppt1"
"Psmb1",2.07436010661877e-10,-0.422675218391391,0.364,0.466,5.21265951192231e-06,"Psmb1"
"Igsf6",2.32289952293544e-10,0.437083278207509,0.523,0.414,5.83721421118445e-06,"Igsf6"
"Tnrc6a",2.57839171981903e-10,0.63472122733829,0.198,0.112,6.47924055273325e-06,"Tnrc6a"
"Ptms",3.08055609054282e-10,-0.236009719380711,0.254,0.365,7.74112939992506e-06,"Ptms"
"Lyn",5.2931086091753e-10,0.444320033231941,0.507,0.392,1.33010526239966e-05,"Lyn"
"Atp5c1",5.87031505337223e-10,-0.290801575138597,0.456,0.557,1.47515146976191e-05,"Atp5c1"
"Rpl39",6.69544034900291e-10,0.309855099306668,0.893,0.886,1.68249720530094e-05,"Rpl39"
"Atp5f1",6.79890715787163e-10,-0.309957697573395,0.722,0.779,1.70849737970156e-05,"Atp5f1"
"Pum2",9.07379560456722e-10,0.601283988235597,0.259,0.167,2.2801540974717e-05,"Pum2"
"Atp5o",9.26541950772897e-10,-0.327326514264216,0.511,0.58,2.32830726809721e-05,"Atp5o"
"Bsg",9.56392046478525e-10,-0.260630188933329,0.531,0.587,2.40331757359589e-05,"Bsg"
"Plekho2",9.86505358983864e-10,0.627689974894649,0.24,0.146,2.47898931659055e-05,"Plekho2"
"Ndufa4",1.05422122116116e-09,-0.216892091003951,0.744,0.775,2.64915250665589e-05,"Ndufa4"
"Rps21",1.05977080418444e-09,0.261351129997897,0.958,0.939,2.66309805383509e-05,"Rps21"
"Ndufb8",1.19384922695354e-09,-0.329207494785447,0.475,0.571,3.00002372241156e-05,"Ndufb8"
"Uqcrb",1.27906680027811e-09,-0.344505401781975,0.437,0.532,3.21416696241887e-05,"Uqcrb"
"Cpeb2",1.34024253511842e-09,0.786686242096707,0.224,0.138,3.36789546649908e-05,"Cpeb2"
"Thbs1",1.35423624800091e-09,-0.434672122993298,0.532,0.622,3.40306026760149e-05,"Thbs1"
"Rpl10a",1.39050852232621e-09,-0.277409659494591,0.684,0.744,3.49420886575354e-05,"Rpl10a"
"Atp5d",1.54898188947011e-09,-0.281940735862053,0.471,0.55,3.89243659004943e-05,"Atp5d"
"Tiparp",2.19476666183376e-09,0.641098125582984,0.271,0.179,5.51522914452206e-05,"Tiparp"
"Ndufb11",2.49011844257718e-09,-0.293278928388814,0.559,0.643,6.2574186343522e-05,"Ndufb11"
"Skil",2.51925774920694e-09,0.552156923894174,0.434,0.331,6.33064279798212e-05,"Skil"
"Cxcr4",3.05698742995478e-09,0.783396094145681,0.323,0.234,7.68190371273337e-05,"Cxcr4"
"Retnlg",3.2864101701391e-09,-0.629678438319943,0.643,0.672,8.25842011654254e-05,"Retnlg"
"G0s2",3.29638122704108e-09,-0.497070104749319,0.695,0.732,8.28347638543154e-05,"G0s2"
"Ssb",3.41051724724547e-09,-0.364262044546977,0.33,0.432,8.57028879060314e-05,"Ssb"
"Pkm",3.44531684109353e-09,-0.200559291718758,0.865,0.905,8.65773668998394e-05,"Pkm"
"Cebpz",3.59490292480245e-09,0.44118428156773,0.406,0.301,9.03363155973608e-05,"Cebpz"
"Zfp91",3.60057334331237e-09,-0.364985922062805,0.266,0.364,9.04788075440965e-05,"Zfp91"
"Pet100",4.1879833781478e-09,0.49515656793589,0.408,0.306,0.000105239834309476,"Pet100"
"Ddx3x",4.7099615422349e-09,0.492954162423464,0.457,0.353,0.000118356623594821,"Ddx3x"
"Klf2",5.54754124914573e-09,-0.561559332553251,0.474,0.545,0.000139404164049783,"Klf2"
"Mpc1",6.18188815554281e-09,-0.229356736330582,0.419,0.535,0.000155344667460635,"Mpc1"
"Slc15a3",6.51006150396479e-09,0.616926569873579,0.384,0.293,0.000163591335533131,"Slc15a3"
"Upf2",7.64062409133211e-09,0.60852825663974,0.193,0.115,0.000192001242791085,"Upf2"
"Rps28",7.70819585947972e-09,0.407588094072152,0.89,0.87,0.000193699253752866,"Rps28"
"Rpl10",7.96823437216285e-09,-0.275861289286113,0.818,0.864,0.00020023376153808,"Rpl10"
"Jund",8.64451761991788e-09,-0.399028963586442,0.78,0.846,0.000217228083270916,"Jund"
"Ifi27l2a",9.56365699564728e-09,0.794798144660674,0.23,0.146,0.00024032513664362,"Ifi27l2a"
"Ndufa11",1.15497122273771e-08,-0.677865586146268,0.209,0.29,0.000290232718561759,"Ndufa11"
"Rpl3",1.18658605078515e-08,-0.27618447033229,0.706,0.758,0.000298177208701799,"Rpl3"
"1810037I17Rik",1.18772874911155e-08,-0.369653738090596,0.464,0.565,0.00029846435736424,"1810037I17Rik"
"Icam1",1.21489587861212e-08,0.783715105850611,0.17,0.098,0.000305291185336439,"Icam1"
"Rgs2",1.2376811516273e-08,0.372617601843241,0.604,0.5,0.000311016896592425,"Rgs2"
"Rpl9",1.38820856077469e-08,-0.240346160838663,0.967,0.979,0.000348842929237073,"Rpl9"
"Irf1",1.39245145241869e-08,0.698500957490229,0.243,0.159,0.000349909125478294,"Irf1"
"Ndufb5",1.47465699884209e-08,-0.588152762840238,0.2,0.281,0.000370566557239029,"Ndufb5"
"Clta",1.48906854207829e-08,-0.218576054035715,0.525,0.625,0.000374188033938854,"Clta"
"Cox5a",1.73810662934234e-08,-0.217930623359919,0.692,0.764,0.000436768814887437,"Cox5a"
"Tgfb1",1.81308386500519e-08,0.53470541150845,0.177,0.102,0.000455609844437154,"Tgfb1"
"Tsc22d4",1.87694895373441e-08,0.320643344306089,0.61,0.504,0.000471658502583919,"Tsc22d4"
"Rab8b",1.88697742283421e-08,0.441329146616311,0.364,0.264,0.000474178556584008,"Rab8b"
"Sumo2",1.89939739942024e-08,-0.240271000487212,0.611,0.661,0.000477299572500312,"Sumo2"
"Dad1",1.99733241881931e-08,-0.364164368406043,0.285,0.378,0.000501909663525104,"Dad1"
"Sh3bgrl3",2.03229636324964e-08,-0.215209303058249,0.942,0.952,0.000510695753121003,"Sh3bgrl3"
"Atp6v0c",2.06188456155441e-08,-0.225026436737595,0.86,0.888,0.000518130971473007,"Atp6v0c"
"Syk",2.23337752294463e-08,0.449250969618842,0.387,0.291,0.000561225437740755,"Syk"
"Ndufv3",2.52747146447832e-08,-0.226447632886781,0.566,0.653,0.000635128304308758,"Ndufv3"
"Sh3bgrl",2.70059999326334e-08,-0.523010580830822,0.119,0.188,0.000678633772307144,"Sh3bgrl"
"Pcf11",3.37725296764152e-08,0.691535815480346,0.194,0.121,0.000848669898238638,"Pcf11"
"Akap13",3.7544332456742e-08,0.300086604644041,0.573,0.469,0.000943451530305469,"Akap13"
"Rpl38",3.86709650183273e-08,0.265549278755594,0.929,0.918,0.000971762679945546,"Rpl38"
"Mob1a",3.90681556568466e-08,0.489478182603965,0.373,0.289,0.000981743683500899,"Mob1a"
"Smdt1",4.3822276778538e-08,-0.318005630843571,0.479,0.572,0.00110120999316788,"Smdt1"
"Rtn3",4.45692896761218e-08,-0.400391615442288,0.334,0.424,0.00111998168027126,"Rtn3"
"Dusp16",4.6405031092439e-08,0.751632034334665,0.166,0.096,0.0011661120263219,"Dusp16"
"Pdia3",4.93561501545062e-08,-0.244690199744903,0.532,0.597,0.00124027069723259,"Pdia3"
"H2afy",5.30799427252344e-08,-0.33933779135365,0.513,0.593,0.00133384588074242,"H2afy"
"Spag9",5.35065241483145e-08,0.635572204002555,0.307,0.223,0.00134456544532299,"Spag9"
"Rpl29",5.49194325728211e-08,-0.25393518181959,0.812,0.854,0.00138007042112242,"Rpl29"
"Eif4a1",5.59036736748732e-08,-0.287940130189971,0.385,0.48,0.00140480341577589,"Eif4a1"
"Themis2",5.64961115890468e-08,0.539688648218223,0.273,0.188,0.00141969078812116,"Themis2"
"Ndst1",6.11994232500591e-08,0.551256026729774,0.243,0.162,0.00153788030685074,"Ndst1"
"Gcnt2",6.25741816258386e-08,0.460868781898626,0.371,0.271,0.0015724266100757,"Gcnt2"
"Cd74",6.84688953215377e-08,-0.354598345712597,0.175,0.261,0.00172055487053492,"Cd74"
"Tut7",6.91146252894059e-08,0.393615651192527,0.606,0.517,0.00173678141889748,"Tut7"
"Rac2",6.97045868401568e-08,-0.201573551890617,0.85,0.864,0.0017516065627063,"Rac2"
"Tgif1",7.04390296796788e-08,0.804223148018304,0.15,0.086,0.00177006237682065,"Tgif1"
"Csf2rb",7.1357384219115e-08,0.428817206960781,0.405,0.307,0.00179313970804214,"Csf2rb"
"Atp5g1",7.37565402017523e-08,-0.467746154893976,0.269,0.355,0.00185342809872983,"Atp5g1"
"Ndufb4",7.59412326299016e-08,-0.30397039735472,0.381,0.471,0.0019083272347568,"Ndufb4"
"Ythdc1",8.20604969646014e-08,0.428839509452434,0.328,0.237,0.00206209822822347,"Ythdc1"
"Psme1",9.13087112144972e-08,0.375093947584616,0.374,0.278,0.0022944966041091,"Psme1"
"Csrnp1",9.22802002900783e-08,0.495061329502651,0.328,0.239,0.00231890915308938,"Csrnp1"
"Eif4g3",9.2568331747802e-08,0.524515991219137,0.228,0.15,0.00232614960849052,"Eif4g3"
"Psma2",9.68370530404314e-08,-0.299831346185418,0.383,0.484,0.002433418305853,"Psma2"
"Rnasek",9.85254503880737e-08,-0.22436137231388,0.607,0.692,0.00247584604280191,"Rnasek"
"Ndufc1",1.03810860955397e-07,-0.3496191074461,0.248,0.333,0.00260866312494817,"Ndufc1"
"S100a6",1.07144909207702e-07,-0.336070015031352,0.822,0.892,0.00269244442348036,"S100a6"
"Psmb3",1.1171569572419e-07,-0.369037365645274,0.408,0.5,0.00280730371785318,"Psmb3"
"Susd6",1.17517415031164e-07,0.495187161131205,0.255,0.173,0.00295309512231812,"Susd6"
"Igf1r",1.21476767496385e-07,0.447306880642223,0.361,0.272,0.00305258969041666,"Igf1r"
"Eif3c",1.22452103270924e-07,-0.238649403664187,0.47,0.552,0.00307709890309506,"Eif3c"
"Ddx17",1.23276505039316e-07,0.489404738741031,0.272,0.189,0.00309781529513297,"Ddx17"
"Ppp2r5c",1.45909164476826e-07,0.451108920392253,0.255,0.173,0.00366655139413817,"Ppp2r5c"
"Cxcr2",1.51841029992899e-07,0.397239432513378,0.705,0.63,0.00381561324269155,"Cxcr2"
"Scp2",1.77838381251619e-07,-0.275010482419302,0.52,0.617,0.00446890068247194,"Scp2"
"Hint1",1.8682252001518e-07,-0.233558335957735,0.613,0.656,0.00469466310546147,"Hint1"
"Clic1",2.40290140297477e-07,-0.27976361037115,0.675,0.753,0.0060382509355353,"Clic1"
"Il4ra",2.50515951382692e-07,0.791320064584833,0.163,0.099,0.00629521534229568,"Il4ra"
"Ncf2",2.71092508783162e-07,0.32463920309177,0.707,0.628,0.00681228365321208,"Ncf2"
"Fosl2",2.72930518072625e-07,0.377561569501451,0.541,0.439,0.00685847098864699,"Fosl2"
"Kmt2c",2.75434725933227e-07,0.447314981813713,0.252,0.171,0.00692139922797605,"Kmt2c"
"Gm2a",2.77871999995091e-07,0.493777443716448,0.311,0.226,0.00698264548787664,"Gm2a"
"Brd2",2.84153381682644e-07,0.61236160392982,0.176,0.11,0.00714049032830316,"Brd2"
"Ccnl1",2.84669567410265e-07,0.361010655691109,0.468,0.378,0.00715346155945255,"Ccnl1"
"Tab2",3.22272895341352e-07,0.572499941417304,0.222,0.147,0.00809839558703284,"Tab2"
"Myo5a",3.26242786024561e-07,0.659488789760378,0.175,0.11,0.00819815497001119,"Myo5a"
"Spcs2",3.50102369622023e-07,-0.335361975751229,0.359,0.446,0.0087977224462318,"Spcs2"
"Eef1g",3.67164990512221e-07,-0.4858371350868,0.115,0.179,0.00922648904658159,"Eef1g"
"G6pdx",3.74936589855963e-07,0.492465343872113,0.268,0.191,0.0094217815664905,"G6pdx"
"Arhgap25",3.78128623964162e-07,0.773714130252435,0.187,0.12,0.00950199419159544,"Arhgap25"
"Ndufa6",3.91946356858205e-07,-0.276619639619583,0.412,0.508,0.00984922000148982,"Ndufa6"
"Eapp",4.15414915210445e-07,0.529294429351513,0.242,0.167,0.0104389614043233,"Eapp"
"Eif3f",4.31252743210827e-07,-0.225266477488093,0.399,0.491,0.0108369501841449,"Eif3f"
"Cspp1",4.35171090004721e-07,0.524222627155411,0.162,0.098,0.0109354143207286,"Cspp1"
"Ets2",4.62613646504507e-07,0.335310881895036,0.626,0.531,0.0116250183230118,"Ets2"
"Il17ra",4.92084703100572e-07,0.484620036278572,0.341,0.256,0.0123655965042143,"Il17ra"
"Plin2",5.03174192996319e-07,-0.887950622874757,0.102,0.157,0.0126442642958045,"Plin2"
"Phf20l1",5.09527175614983e-07,0.403482428359981,0.415,0.328,0.0128039083960289,"Phf20l1"
"Tapbp",5.37584522916522e-07,0.489431900930935,0.24,0.163,0.0135089614763693,"Tapbp"
"Gpx4",5.58164227625007e-07,-0.283271529607033,0.8,0.833,0.0140261088759888,"Gpx4"
"Picalm",5.68536909653614e-07,0.362149614135047,0.49,0.4,0.0142867640026857,"Picalm"
"Ppp1r15a",5.77850752448352e-07,0.575921786055313,0.328,0.251,0.0145208115582746,"Ppp1r15a"
"Ptpn12",6.21362846967715e-07,0.563916587533881,0.189,0.121,0.0156142269814517,"Ptpn12"
"Jak2",6.64961988865791e-07,0.518513604737575,0.193,0.124,0.0167098298182085,"Jak2"
"Rps4x",7.13005184106704e-07,-0.207392536783918,0.883,0.906,0.0179171072714174,"Rps4x"
"Edf1",7.64596424787157e-07,-0.32579554132878,0.317,0.399,0.0192135435584765,"Edf1"
"Fli1",8.0205573385481e-07,0.626534897467915,0.198,0.133,0.0201548585360375,"Fli1"
"Rab7",8.86433987057387e-07,0.398152409928973,0.443,0.35,0.0222751996607651,"Rab7"
"Eif3h",9.05446285217244e-07,-0.378579576129364,0.257,0.335,0.0227529597012241,"Eif3h"
"Spty2d1",9.36767098408604e-07,0.606031361851209,0.218,0.149,0.0235400204159098,"Spty2d1"
"Entpd1",9.99096856936637e-07,0.547188856226742,0.3,0.221,0.0251063049179607,"Entpd1"
"Mcemp1",1.02061384178631e-06,-0.270982909359087,0.591,0.646,0.0256470052302481,"Mcemp1"
"Txnrd1",1.02579256861847e-06,0.503856670696825,0.252,0.18,0.0257771414568135,"Txnrd1"
"Park7",1.028429876492e-06,-0.262332463397673,0.367,0.444,0.0258434143663674,"Park7"
"Dusp2",1.06923531444789e-06,0.648890994365966,0.16,0.099,0.0268688142167611,"Dusp2"
"Itga4",1.16725878512494e-06,0.436616939248358,0.226,0.153,0.0293320460114047,"Itga4"
"Top2b",1.30592891956332e-06,0.538702307994129,0.181,0.117,0.0328166878197066,"Top2b"
"Saraf",1.35047724024131e-06,-0.271045698816198,0.313,0.377,0.0339361425700238,"Saraf"
"9930111J21Rik2",1.4148384970944e-06,0.624238440912091,0.186,0.123,0.0355534765934851,"9930111J21Rik2"
"H3f3b",1.48574468632201e-06,-0.225593080956195,0.996,0.994,0.0373352782225857,"H3f3b"
"Resf1",1.55797138007927e-06,0.335781548236066,0.557,0.459,0.0391502628100119,"Resf1"
"Spata13",1.56040023480336e-06,0.584247951765408,0.235,0.165,0.0392112975003736,"Spata13"
"Tnfrsf1b",1.63203574002892e-06,0.603785007581424,0.163,0.102,0.0410114261111867,"Tnfrsf1b"
"Nfe2l2",1.73084401133541e-06,0.526278937726003,0.552,0.501,0.0434943791608474,"Nfe2l2"
"Rpl36al",1.73476997642579e-06,-0.322910002151277,0.627,0.665,0.0435930347376037,"Rpl36al"
"Lyst",1.74219032979667e-06,0.3041510924032,0.678,0.589,0.0437795007974606,"Lyst"
"Ccl3",1.7512158465032e-06,-0.844301898366389,0.137,0.195,0.0440063030067789,"Ccl3"
"Wnk1",1.76040561725313e-06,0.322658309510859,0.412,0.319,0.0442372327559538,"Wnk1"
"Siglece",1.77274338310687e-06,0.325450246014288,0.31,0.23,0.0445472684740925,"Siglece"
"Cox5b",1.78574570737759e-06,-0.210053496817086,0.763,0.805,0.0448740038806915,"Cox5b"
"Vapa",1.79242919451976e-06,-0.436226392092916,0.306,0.384,0.045041953229087,"Vapa"
"Ash1l",1.88313747395835e-06,0.57213906438989,0.198,0.134,0.0473213615830994,"Ash1l"
"Rel",1.97695594393368e-06,0.470437126466822,0.273,0.199,0.0496789259151095,"Rel"
"Anp32b",2.07222365238234e-06,-0.402163305008647,0.277,0.352,0.0520729081607157,"Anp32b"
"Tbca",2.10420171119999e-06,-0.463256314673308,0.2,0.269,0.0528764848007446,"Tbca"
"Gsk3b",2.29073872961687e-06,-0.234192004380161,0.355,0.438,0.0575639735365424,"Gsk3b"
"Prr13",2.3138102073692e-06,-0.349454092032405,0.575,0.62,0.0581437367009806,"Prr13"
"H2-K1",2.3234419763985e-06,0.479702862289797,0.644,0.613,0.0583857734249178,"H2-K1"
"Sec61b",2.33553387381534e-06,-0.239167900810937,0.573,0.659,0.0586896307151056,"Sec61b"
"Romo1",2.3550623200092e-06,0.309888063962987,0.239,0.166,0.0591803610395112,"Romo1"
"Ski",2.3661306372953e-06,0.50704769704528,0.172,0.11,0.0594584967845935,"Ski"
"Isg15",2.39708497320447e-06,1.36257150608384,0.211,0.151,0.0602363482916551,"Isg15"
"mt-Nd2",2.46675781221571e-06,0.418516005695135,0.803,0.782,0.0619871570631685,"mt-Nd2"
"Rbm27",2.48155404254384e-06,0.63020576163675,0.163,0.104,0.0623589715350842,"Rbm27"
"Cmip",2.83478898829992e-06,-0.224651679779692,0.359,0.438,0.0712354124869887,"Cmip"
"Chchd2",3.05333193103856e-06,-0.214982560446133,0.891,0.926,0.0767271780950681,"Chchd2"
"Por",3.41382590707613e-06,0.507833816003963,0.227,0.158,0.085786031218916,"Por"
"Rock2",3.42943610301842e-06,0.700936981406036,0.185,0.125,0.0861782998327499,"Rock2"
"Tpd52",3.50251061563848e-06,0.314252867485217,0.575,0.492,0.0880145892603793,"Tpd52"
"Adgre5",3.50483913254334e-06,0.433720428356561,0.283,0.209,0.0880731025616815,"Adgre5"
"Cr1l",3.71633479792702e-06,0.495994952467703,0.191,0.128,0.0933877771371081,"Cr1l"
"Tmco1",3.93886787193029e-06,0.534093251010241,0.159,0.102,0.0989798107537363,"Tmco1"
"Ndufb1-ps",4.06293668540741e-06,0.243272634446155,0.814,0.785,0.102097535967603,"Ndufb1-ps"
"Gpr65",4.12293251432351e-06,0.680950665574993,0.166,0.108,0.103605171152435,"Gpr65"
"Jmjd1c",4.15290428134019e-06,0.369234570813758,0.28,0.205,0.104358331685798,"Jmjd1c"
"Bhlhe40",4.15767738760645e-06,0.556102536959167,0.17,0.11,0.104478275073162,"Bhlhe40"
"Pglyrp1",4.25917872655411e-06,-0.275195965873814,0.773,0.747,0.107028902219578,"Pglyrp1"
"Cbl",4.79588624109668e-06,0.375733430473912,0.364,0.283,0.120515825352518,"Cbl"
"Ankrd13a",5.11155594954197e-06,0.45501393126135,0.192,0.129,0.12844828945604,"Ankrd13a"
"Sik1",5.1503621477607e-06,0.417777207312802,0.279,0.205,0.129423450411079,"Sik1"
"Ppia",5.42957161442213e-06,-0.234812432171124,0.879,0.907,0.136439705098814,"Ppia"
"Apobr",5.57579709703097e-06,0.429645870307648,0.351,0.271,0.140114205251291,"Apobr"
"Mgst1",6.06608420131068e-06,-0.349919816942344,0.47,0.526,0.152434629894736,"Mgst1"
"Rbx1",6.08599697081195e-06,-0.226967899200326,0.535,0.619,0.152935017879533,"Rbx1"
"Eif3k",6.35017259342548e-06,-0.32448104652285,0.286,0.365,0.159573487100189,"Eif3k"
"Uqcr10",6.39147015237004e-06,-0.202723203285871,0.477,0.552,0.160611253458907,"Uqcr10"
"Rnf149",6.48566532045268e-06,0.655137717951791,0.159,0.102,0.162978283837655,"Rnf149"
"Dek",6.59819905163796e-06,0.385696582064527,0.188,0.126,0.16580614396861,"Dek"
"Wipf1",6.90730037783449e-06,0.43209875826216,0.274,0.204,0.173573551194603,"Wipf1"
"H2-T23",7.43184383692126e-06,-0.550096023664214,0.214,0.275,0.186754803777994,"H2-T23"
"Chd7",7.54322128645162e-06,0.447217167795598,0.318,0.245,0.189553607707243,"Chd7"
"Pik3ap1",7.96951213437908e-06,0.533418006760809,0.192,0.131,0.200265870424812,"Pik3ap1"
"Trim12c",7.97320052151504e-06,0.367892335324789,0.227,0.159,0.200358555905151,"Trim12c"
"Cux1",8.35436322815664e-06,0.572773886667475,0.184,0.126,0.209936793560348,"Cux1"
"Myh9",9.06027297882311e-06,0.226702951570921,0.768,0.694,0.227675599684846,"Myh9"
"Gls",9.38310776583001e-06,0.540847646559386,0.169,0.111,0.235788115047542,"Gls"
"Ndufb3",9.57189908484585e-06,-0.266191835516496,0.328,0.404,0.240532252103091,"Ndufb3"
"Atf4",9.7906706365597e-06,0.359121270363578,0.251,0.181,0.246029762426109,"Atf4"
"Cnbp",9.97631123779202e-06,-0.308091186215523,0.405,0.481,0.250694725094476,"Cnbp"
"Fmnl1",1.0099338986236e-05,0.451788639932405,0.278,0.209,0.253786289385123,"Fmnl1"
"Zmiz1",1.05807815332785e-05,0.419758670895571,0.198,0.136,0.265884459149756,"Zmiz1"
"Csnk1a1",1.11049960755955e-05,-0.200254903255886,0.488,0.552,0.279057446383638,"Csnk1a1"
"Tle5",1.12763133612116e-05,-0.397834434352724,0.354,0.42,0.283362478453886,"Tle5"
"Cd300lf",1.1283781327736e-05,0.386795904358648,0.44,0.362,0.283550140984679,"Cd300lf"
"Cggbp1",1.13451054298264e-05,0.327302008452559,0.328,0.255,0.285091154346109,"Cggbp1"
"Emilin2",1.16491865585069e-05,0.489993788821942,0.253,0.186,0.292732409028719,"Emilin2"
"Ikzf1",1.16819561871025e-05,0.458640254381658,0.264,0.199,0.2935558770257,"Ikzf1"
"Vps37b",1.19556870038326e-05,0.539297814891103,0.279,0.213,0.300434458719309,"Vps37b"
"Pik3cd",1.21667327781384e-05,0.535731218468626,0.186,0.127,0.305737827981841,"Pik3cd"
"Arfgef1",1.30783039311694e-05,0.456480437268676,0.275,0.211,0.328644699486357,"Arfgef1"
"Baz2b",1.31154574645503e-05,0.360091760547757,0.385,0.31,0.329578330626686,"Baz2b"
"Trip12",1.38738708733057e-05,0.451707583656453,0.215,0.154,0.3486365011753,"Trip12"
"Fam111a",1.39393140248297e-05,0.358120345505899,0.305,0.234,0.350281022129945,"Fam111a"
"R3hdm4",1.40903009497709e-05,-0.336475520235795,0.413,0.472,0.354075172566794,"R3hdm4"
"Sipa1",1.45177949969789e-05,0.489377800080832,0.191,0.13,0.364817670479084,"Sipa1"
"Gpx1",1.47473835663678e-05,-0.221205315756397,0.828,0.871,0.370587001639256,"Gpx1"
"Clk1",1.48089753311418e-05,0.354243223724945,0.515,0.454,0.372134741096262,"Clk1"
"Cir1",1.48446765818415e-05,0.575662118460336,0.187,0.129,0.373031877825095,"Cir1"
"Cox4i1",1.51581211824228e-05,-0.215174488293778,0.93,0.949,0.380908427193102,"Cox4i1"
"Cyfip2",1.5592294564143e-05,0.426244010988597,0.323,0.255,0.391818770102349,"Cyfip2"
"Rsbn1l",1.55934578644871e-05,0.35731805600779,0.259,0.19,0.391848002676696,"Rsbn1l"
"Tspan13",1.55974295663724e-05,0.464471852571208,0.199,0.138,0.391947807573371,"Tspan13"
"mt-Co2",1.62912473885489e-05,0.287311010671329,0.973,0.982,0.409382755626845,"mt-Co2"
"Larp4b",1.68464269846057e-05,0.437663046119161,0.292,0.226,0.423333863696157,"Larp4b"
"Pilrb1",1.70705066535406e-05,0.53610076084006,0.165,0.11,0.428964761696821,"Pilrb1"
"mt-Nd4",1.71698992771962e-05,0.324836611564688,0.873,0.888,0.431462398936665,"mt-Nd4"
"Pnisr",1.73024511909561e-05,-0.257671519630586,0.282,0.359,0.434793295977537,"Pnisr"
"P4hb",1.76044837871052e-05,0.47860215435377,0.154,0.101,0.442383073086168,"P4hb"
"Ttyh3",1.8347661595501e-05,0.523369063311432,0.161,0.105,0.461058388233344,"Ttyh3"
"Pbxip1",1.87168215939486e-05,0.258460404922153,0.394,0.308,0.470335009834335,"Pbxip1"
"Stat1",1.97426968252227e-05,0.463710478465766,0.248,0.184,0.496114228521021,"Stat1"
"Ctss",2.08864610349026e-05,0.454953660089837,0.221,0.157,0.524855879346068,"Ctss"
"Mtmr6",2.19343532288522e-05,0.60672305127886,0.154,0.103,0.551188362287828,"Mtmr6"
"Ptpn1",2.21117144313825e-05,0.293124994435553,0.424,0.342,0.555645271946211,"Ptpn1"
"Psma3",2.25180527731833e-05,-0.248438049998855,0.366,0.441,0.565856148137324,"Psma3"
"Lgals3",2.34313024085829e-05,-0.281459090852755,0.583,0.61,0.58880519822528,"Lgals3"
"BC005537",2.39916056843527e-05,0.358825459410357,0.266,0.197,0.602885059242099,"BC005537"
"Cflar",2.55665470190173e-05,0.458802229778801,0.227,0.167,0.642461760040885,"Cflar"
"Trem1",2.56900460204828e-05,0.239086755069779,0.646,0.572,0.645565166448712,"Trem1"
"Rbbp6",2.7230272023088e-05,0.362950001296486,0.179,0.123,0.684269505668178,"Rbbp6"
"Mef2a",2.73490374695445e-05,0.370788265455435,0.278,0.213,0.687253962572184,"Mef2a"
"Arid5a",2.77016626069955e-05,0.490122264624954,0.165,0.109,0.69611507965119,"Arid5a"
"Ceacam10",2.7806269935712e-05,-0.475898211635278,0.186,0.241,0.698743757214506,"Ceacam10"
"Ep300",2.84876725802702e-05,0.349719525738608,0.274,0.209,0.715866724269609,"Ep300"
"Ist1",2.85256130612537e-05,0.634828095299346,0.165,0.113,0.716820130616245,"Ist1"
"Trim30a",2.99727415991645e-05,0.727941003986922,0.2,0.145,0.753185023645404,"Trim30a"
"Crebbp",3.09546842598096e-05,0.410194292484457,0.259,0.196,0.777860260764755,"Crebbp"
"Trip11",3.10126193499887e-05,0.379610901739991,0.201,0.142,0.779316111645866,"Trip11"
"Anapc13",3.12230705178464e-05,0.390871400553948,0.202,0.145,0.784604539042962,"Anapc13"
"Cox7a2",3.13354973095444e-05,-0.23036282121723,0.768,0.792,0.78742971189154,"Cox7a2"
"Plxnc1",3.2124030333485e-05,0.499351200028835,0.224,0.165,0.807244758250144,"Plxnc1"
"Arhgef2",3.21394136125572e-05,0.335432816912525,0.159,0.105,0.807631324669949,"Arhgef2"
"Tle3",3.25180783142042e-05,0.475593699932882,0.2,0.142,0.817146789957637,"Tle3"
"Csnk2a1",3.25553291946523e-05,0.300008311617677,0.29,0.221,0.818082867332419,"Csnk2a1"
"Nipbl",3.26020964183399e-05,0.337367613703012,0.344,0.273,0.819258080896463,"Nipbl"
"Peli1",3.29472522660869e-05,0.467148866853328,0.162,0.109,0.827931502194499,"Peli1"
"Nabp1",3.37356088393663e-05,0.318501583075334,0.367,0.289,0.847742114524436,"Nabp1"
"mt-Co3",3.38013836381115e-05,0.234518339502582,0.963,0.975,0.849394969442104,"mt-Co3"
"Stk24",3.4398502039957e-05,0.347748478576584,0.218,0.158,0.864399957762081,"Stk24"
"Anxa1",3.70726523392892e-05,-0.308304287542945,0.623,0.663,0.931598680633998,"Anxa1"
"Midn",3.80023826858877e-05,0.668988796778187,0.155,0.107,0.954961874513672,"Midn"
"Zfhx3",3.83741308899539e-05,0.394269225074759,0.221,0.161,0.964303535133652,"Zfhx3"
"Tomm6",3.85914282436036e-05,-0.341598235436928,0.448,0.516,0.969764000333514,"Tomm6"
"Bclaf1",4.09444883574181e-05,0.282885962800936,0.231,0.167,1,"Bclaf1"
"Crebrf",4.09473717473585e-05,0.530782091785264,0.183,0.129,1,"Crebrf"
"Fyb",4.51331615209063e-05,0.271016582013509,0.521,0.43,1,"Fyb"
"Nlrp3",4.74519654402719e-05,0.410367787259899,0.39,0.326,1,"Nlrp3"
"Jak1",4.91115350214338e-05,0.231506679545956,0.481,0.409,1,"Jak1"
"Map2k3",5.00448440060713e-05,0.387447152037927,0.197,0.139,1,"Map2k3"
"Atp5g2",5.04018600879984e-05,-0.277323665323615,0.542,0.573,1,"Atp5g2"
"Ucp2",5.60222186145747e-05,-0.305966450828854,0.51,0.568,1,"Ucp2"
"Set",5.7451069698714e-05,-0.247256106740239,0.355,0.419,1,"Set"
"Cox17",5.83355671258579e-05,0.299811620015071,0.59,0.513,1,"Cox17"
"Retreg1",5.8934004591936e-05,0.327191368680126,0.324,0.253,1,"Retreg1"
"Atf7ip",6.22859043976485e-05,0.469927115148989,0.203,0.149,1,"Atf7ip"
"Tgfbr1",6.25716115895508e-05,0.451812827396241,0.177,0.123,1,"Tgfbr1"
"Zfp292",6.50532472623933e-05,0.473942174477048,0.193,0.139,1,"Zfp292"
"Pde4b",6.54011240083182e-05,0.326356801387381,0.459,0.386,1,"Pde4b"
"Cdk12",6.69577040351619e-05,0.424048528363884,0.221,0.163,1,"Cdk12"
"Spcs1",6.82042720062557e-05,-0.459026728387284,0.244,0.302,1,"Spcs1"
"Aff1",7.04730015730357e-05,0.549999877897928,0.158,0.108,1,"Aff1"
"Rb1cc1",7.09536707968312e-05,0.383994704579844,0.314,0.25,1,"Rb1cc1"
"Trp53inp1",7.09779590553324e-05,0.487954028293872,0.164,0.113,1,"Trp53inp1"
"Birc6",7.24771342390592e-05,0.414604231941217,0.203,0.148,1,"Birc6"
"Phip",7.26952618381481e-05,0.401369716506333,0.22,0.163,1,"Phip"
"Bcl2l11",7.30619926200193e-05,0.558438129414607,0.201,0.146,1,"Bcl2l11"
"Nol7",7.68779594601895e-05,-0.395964064880773,0.21,0.271,1,"Nol7"
"Nhsl2",7.74854057230366e-05,0.416913318839014,0.27,0.21,1,"Nhsl2"
"Bptf",7.82895755586695e-05,0.294395243314436,0.256,0.196,1,"Bptf"
"Tmed2",7.91136277629212e-05,-0.404814854946046,0.291,0.351,1,"Tmed2"
"Ptpre",7.93636086376442e-05,0.24529666725702,0.547,0.468,1,"Ptpre"
"Mpc2",8.05008832628756e-05,-0.249593591759634,0.457,0.531,1,"Mpc2"
"Ell2",8.3134048204487e-05,0.547628707215761,0.211,0.158,1,"Ell2"
"Glud1",8.37090424298682e-05,0.37851965772102,0.261,0.203,1,"Glud1"
"Sirpa",8.51530254475282e-05,0.247421037907247,0.347,0.272,1,"Sirpa"
"BC031181",9.2288461966256e-05,-0.205754220977723,0.281,0.35,1,"BC031181"
"Calm2",9.37527019303274e-05,0.377875449500027,0.79,0.818,1,"Calm2"
"Herc1",9.66559105529471e-05,0.433536202821307,0.208,0.154,1,"Herc1"
"Nckap1l",0.000100763953131169,0.307909892021542,0.215,0.155,1,"Nckap1l"
"Rasa3",0.000101161058840736,0.547925632340173,0.156,0.108,1,"Rasa3"
"Slfn4",0.000107179138174487,0.882014253982009,0.285,0.231,1,"Slfn4"
"Hsd17b11",0.000110827960050343,0.412721274525783,0.2,0.146,1,"Hsd17b11"
"4932438A13Rik",0.000110841171536426,0.317078859159294,0.274,0.21,1,"4932438A13Rik"
"Kmt2e",0.000119506975881409,0.273570180288882,0.406,0.338,1,"Kmt2e"
"Nap1l1",0.000127054289272476,-0.224381147838503,0.283,0.346,1,"Nap1l1"
"Scaf11",0.00013561449036113,0.29213859042482,0.222,0.166,1,"Scaf11"
"Slc38a2",0.00013620979612656,0.471677248491642,0.326,0.269,1,"Slc38a2"
"Stat3",0.000138724023450077,0.272226487080376,0.336,0.267,1,"Stat3"
"Wfdc17",0.000145891104930501,0.274795681509368,0.21,0.154,1,"Wfdc17"
"Lpgat1",0.000147605251438055,0.538281870244559,0.182,0.134,1,"Lpgat1"
"Gcnt1",0.000148830658282931,0.514852110263893,0.169,0.117,1,"Gcnt1"
"Gna13",0.000151176876522006,0.486677263973477,0.159,0.111,1,"Gna13"
"Atp6v0b",0.000156498444374343,-0.200576999871348,0.64,0.707,1,"Atp6v0b"
"Arid4b",0.000161897164447161,0.360543271272582,0.253,0.196,1,"Arid4b"
"Ttc14",0.000162456576225775,0.317389216535628,0.165,0.115,1,"Ttc14"
"Zc3h15",0.00017048633210974,0.403646098449393,0.185,0.134,1,"Zc3h15"
"Cmtr1",0.000181627225232648,0.420216541792244,0.191,0.141,1,"Cmtr1"
"Rps18",0.000182044741329551,-0.203073835564066,0.803,0.842,1,"Rps18"
"Anxa3",0.000183890462084186,-0.499916910869532,0.268,0.314,1,"Anxa3"
"Nucb2",0.000187466841743923,0.471715559606933,0.165,0.118,1,"Nucb2"
"Pim1",0.000187589701539705,0.326339488644024,0.61,0.569,1,"Pim1"
"Selenon",0.000190348492223835,0.48428711645808,0.195,0.145,1,"Selenon"
"Kdm5a",0.000190695068423152,0.416556437832297,0.185,0.135,1,"Kdm5a"
"Pik3cg",0.000192736380380993,0.314729365004484,0.174,0.123,1,"Pik3cg"
"Cd53",0.000194792751944638,0.246269682556844,0.539,0.461,1,"Cd53"
"Pilra",0.000198022795536272,0.293525417545313,0.568,0.507,1,"Pilra"
"Prpf38b",0.000204226562628912,0.277196249428638,0.195,0.141,1,"Prpf38b"
"Eif5",0.000205020174490467,-0.268996600133791,0.499,0.544,1,"Eif5"
"Tor1aip1",0.000205502005545981,0.285289184432011,0.303,0.238,1,"Tor1aip1"
"Efhd2",0.000208658490571372,0.215778926481387,0.403,0.33,1,"Efhd2"
"Plaur",0.000210612727268093,-0.294302153220503,0.432,0.469,1,"Plaur"
"N4bp2l2",0.000211390178394332,0.426638246646547,0.154,0.107,1,"N4bp2l2"
"Tet2",0.000217810305709017,0.49351851117754,0.17,0.122,1,"Tet2"
"Nr4a1",0.000221903317695908,0.224669174740354,0.593,0.53,1,"Nr4a1"
"Thoc2",0.00022324995547361,0.306974681264309,0.183,0.132,1,"Thoc2"
"Fbxl5",0.000228160944380973,-0.421735848448969,0.301,0.352,1,"Fbxl5"
"Fgr",0.000229515817281037,0.27317643257375,0.409,0.34,1,"Fgr"
"Nfu1",0.000229839490150779,-0.534623669187567,0.144,0.19,1,"Nfu1"
"Cdv3",0.000231612917948091,0.278118220195402,0.17,0.121,1,"Cdv3"
"Dock2",0.000233983084900598,0.296121086326611,0.319,0.258,1,"Dock2"
"Ifitm1",0.000236886290395269,0.345168609806934,0.302,0.243,1,"Ifitm1"
"Slc40a1",0.000244534115067145,0.695743593396603,0.195,0.149,1,"Slc40a1"
"Il1rn",0.000251589749375833,0.605251329945047,0.355,0.295,1,"Il1rn"
"Stx11",0.000258429648164749,-0.432028144028639,0.241,0.289,1,"Stx11"
"Golim4",0.000263412589193736,0.393267562724618,0.262,0.208,1,"Golim4"
"Ier2",0.000263661348224375,-0.230995735260243,0.71,0.759,1,"Ier2"
"Calm3",0.000265270295323199,-0.206257539387305,0.494,0.564,1,"Calm3"
"Psmb5",0.000266761818345828,-0.330397290839241,0.23,0.287,1,"Psmb5"
"Atp6v1e1",0.000285039444877899,0.266566758879596,0.544,0.499,1,"Atp6v1e1"
"Akna",0.000291791389577805,0.297545719575039,0.23,0.173,1,"Akna"
"Bst1",0.00029446239498653,-0.455209785747143,0.153,0.2,1,"Bst1"
"Uba1",0.000297211715374962,0.438063700902325,0.156,0.111,1,"Uba1"
"Il18rap",0.000299219465069855,0.358647242537495,0.278,0.222,1,"Il18rap"
"Kat6a",0.000300634947547578,0.250131295359321,0.188,0.135,1,"Kat6a"
"Kpna4",0.00030183852719302,0.354812005387758,0.266,0.205,1,"Kpna4"
"Rtf1",0.000309616026586662,0.254638847431949,0.176,0.125,1,"Rtf1"
"Mier1",0.00031139952279686,0.252620368147998,0.294,0.233,1,"Mier1"
"Sppl2a",0.000312183368332106,0.395400875514778,0.182,0.132,1,"Sppl2a"
"Itgal",0.00033443841857761,0.335116420721682,0.335,0.274,1,"Itgal"
"Atg3",0.000338064527205144,-0.324237414880202,0.36,0.412,1,"Atg3"
"Arih2",0.000338456594519779,0.437581788729735,0.187,0.141,1,"Arih2"
"Stat6",0.000341678926278821,0.516923332805932,0.152,0.108,1,"Stat6"
"Snrnp27",0.000346599124316306,0.346627695056652,0.18,0.131,1,"Snrnp27"
"Nars",0.000369389260690151,0.299660795090633,0.195,0.144,1,"Nars"
"Tirap",0.000371384770342139,0.427640139839417,0.152,0.108,1,"Tirap"
"Selplg",0.00037472553091507,0.367723178557998,0.42,0.357,1,"Selplg"
"Ssr4",0.000387325162679472,-0.220393399530615,0.232,0.292,1,"Ssr4"
"Soat1",0.000389088738628868,0.28574989997425,0.244,0.188,1,"Soat1"
"Ctcf",0.00039724807384496,0.292043397393902,0.187,0.137,1,"Ctcf"
"Yy1",0.000400145233335017,0.401225522922438,0.265,0.21,1,"Yy1"
"Clint1",0.000402061036155917,0.304015376492763,0.367,0.308,1,"Clint1"
"Nin",0.000422246248103514,0.281219680376151,0.345,0.285,1,"Nin"
"Rpl15",0.000423820755535877,-0.250731955676421,0.833,0.855,1,"Rpl15"
"Il1f9",0.000430891699387356,0.534570555503323,0.194,0.147,1,"Il1f9"
"Irf2bp2",0.000433589787074176,0.246482093367881,0.22,0.166,1,"Irf2bp2"
"6430548M08Rik",0.000434793567104296,0.29544850184784,0.296,0.242,1,"6430548M08Rik"
"Nop53",0.000443677176102837,0.631163135713043,0.156,0.114,1,"Nop53"
"Ran",0.000444023796580194,-0.601311360379241,0.164,0.207,1,"Ran"
"Sf1",0.000446846528919493,0.333313609582269,0.19,0.141,1,"Sf1"
"Itsn2",0.000465330106814007,0.28807766201271,0.269,0.213,1,"Itsn2"
"Dgkd",0.000466192215431372,0.359494374898653,0.162,0.117,1,"Dgkd"
"Grcc10",0.000492002664014558,-0.201240430748397,0.532,0.595,1,"Grcc10"
"Gripap1",0.000492761582248499,0.331532201198724,0.219,0.166,1,"Gripap1"
"Ppp3ca",0.00049820072951025,0.214589171473765,0.42,0.35,1,"Ppp3ca"
"Lcn2",0.000500977603850229,-0.202683643727118,0.622,0.671,1,"Lcn2"
"Rybp",0.000508261208394462,0.243111851926686,0.163,0.117,1,"Rybp"
"Zfp638",0.000530743461591977,0.204622733287777,0.167,0.12,1,"Zfp638"
"Rassf5",0.000533872809751737,0.346518177639648,0.231,0.178,1,"Rassf5"
"Cwc25",0.000539429034204637,0.431212522451405,0.278,0.225,1,"Cwc25"
"Smchd1",0.000554298883816716,0.29650386977591,0.177,0.13,1,"Smchd1"
"Sema4d",0.000565553917594126,0.271800791782823,0.228,0.173,1,"Sema4d"
"Sbno2",0.000569167277796866,0.303501223896345,0.251,0.197,1,"Sbno2"
"Mia3",0.000572677385391549,0.36941290742552,0.185,0.138,1,"Mia3"
"Il6ra",0.000588028476363547,0.4445171111494,0.181,0.134,1,"Il6ra"
"Usp7",0.000611499137619067,0.41600260798862,0.15,0.108,1,"Usp7"
"Sqor",0.000622217356466282,-0.327045785711033,0.206,0.256,1,"Sqor"
"Bod1l",0.000635019373016334,0.250261908419925,0.215,0.164,1,"Bod1l"
"Spen",0.000644233914189766,0.385312583628727,0.153,0.11,1,"Spen"
"Cep350",0.000645592718118846,0.296929529929875,0.223,0.171,1,"Cep350"
"D1Ertd622e",0.000691319278396093,0.369578424017311,0.152,0.109,1,"D1Ertd622e"
"Zcchc7",0.000734866478418353,0.389887622286693,0.181,0.135,1,"Zcchc7"
"Epn1",0.000753604448550954,0.301260183137639,0.151,0.108,1,"Epn1"
"Sell",0.000755937977374122,0.350533317039105,0.436,0.382,1,"Sell"
"Id1",0.000797510148231259,0.321549228451799,0.159,0.116,1,"Id1"
"Grk2",0.000814151382795411,0.214355742039897,0.423,0.357,1,"Grk2"
"B430306N03Rik",0.000836628998758767,0.302462520454388,0.205,0.156,1,"B430306N03Rik"
"Cited2",0.000855803849326554,0.261085321208506,0.207,0.159,1,"Cited2"
"Arhgef1",0.000856310391995344,0.279924138360572,0.297,0.243,1,"Arhgef1"
"Samhd1",0.00085772251842095,0.226261976325845,0.543,0.467,1,"Samhd1"
"Tmx4",0.000860110254219686,0.301583001468529,0.216,0.166,1,"Tmx4"
"Fam107b",0.000864150991837351,0.295964043967897,0.397,0.34,1,"Fam107b"
"Fgd3",0.000864531373207535,0.375207689718628,0.159,0.116,1,"Fgd3"
"Cntrl",0.000878398914392763,0.225282307771803,0.176,0.13,1,"Cntrl"
"Acin1",0.000881731248334758,0.333491428852466,0.312,0.261,1,"Acin1"
"Ik",0.000893884848535897,0.430520737761359,0.184,0.139,1,"Ik"
"Mbnl1",0.000938192811195457,0.241862944999886,0.339,0.283,1,"Mbnl1"
"Rdh12",0.000946790950247296,-0.404633719625504,0.212,0.256,1,"Rdh12"
"Pnkp",0.000946864247842782,-0.36307341037646,0.273,0.317,1,"Pnkp"
"Ifitm6",0.00099084979386256,-0.276179804557992,0.487,0.519,1,"Ifitm6"
"Rin3",0.00102513671600281,0.279644194149726,0.334,0.276,1,"Rin3"
"Llph",0.00104040856544966,0.270972359045203,0.186,0.139,1,"Llph"
"Erbin",0.00104383305456776,0.311834343322143,0.179,0.134,1,"Erbin"
"Luc7l3",0.00105368367731721,0.317091775221542,0.151,0.11,1,"Luc7l3"
"Abr",0.00107187615179411,0.332802428049322,0.182,0.137,1,"Abr"
"Lrg1",0.00112065514853976,0.377978896496803,0.42,0.364,1,"Lrg1"
"Rab27a",0.00112273457125954,0.276423167715133,0.244,0.192,1,"Rab27a"
"Glyr1",0.00113924403124589,0.229158495744225,0.23,0.181,1,"Glyr1"
"Arid1a",0.00116129725367174,0.208235639845732,0.205,0.157,1,"Arid1a"
"Taok1",0.00118786283285282,0.245345814771149,0.229,0.178,1,"Taok1"
"Prdx6",0.00121430792530772,-0.223076103371252,0.566,0.606,1,"Prdx6"
"Grn",0.00121707772431049,0.239447301285882,0.238,0.187,1,"Grn"
"Lta4h",0.00123660666186225,0.377190813466353,0.257,0.212,1,"Lta4h"
"Tmem71",0.00125108842468178,0.322802296614115,0.247,0.197,1,"Tmem71"
"Gadd45a",0.00128366318396869,-0.274932633239297,0.406,0.444,1,"Gadd45a"
"Rassf3",0.00129349475941776,0.24746823636519,0.287,0.23,1,"Rassf3"
"Sos2",0.00130974362120378,0.352841097743803,0.157,0.115,1,"Sos2"
"Lnpep",0.00136682246403869,0.253579012345057,0.304,0.249,1,"Lnpep"
"Zyx",0.00138005971278028,0.264181757685744,0.49,0.431,1,"Zyx"
"Cops9",0.0014035223558584,0.200548677906101,0.353,0.297,1,"Cops9"
"Dmxl2",0.00143959471867906,0.347185290387484,0.209,0.162,1,"Dmxl2"
"Ccnl2",0.00145761779171708,0.268744925842586,0.172,0.129,1,"Ccnl2"
"Prex1",0.0014747041314445,0.380979138156044,0.189,0.145,1,"Prex1"
"Etf1",0.00147973466986604,0.334342641905496,0.26,0.21,1,"Etf1"
"Arih1",0.0015006938706817,0.205792410380346,0.198,0.151,1,"Arih1"
"4930581F22Rik",0.00151643437893087,0.374317109648129,0.158,0.116,1,"4930581F22Rik"
"Dusp11",0.00151977136962794,0.291801034245122,0.253,0.205,1,"Dusp11"
"Tcea1",0.00152237621208288,0.248338191554516,0.194,0.15,1,"Tcea1"
"Stk40",0.00152341447181689,0.381979987764333,0.151,0.111,1,"Stk40"
"Mdh2",0.00155413427462684,-0.303330363595278,0.444,0.488,1,"Mdh2"
"Eif4a2",0.00156649331007679,-0.27507088857414,0.23,0.276,1,"Eif4a2"
"Rapgef6",0.00158929058625008,0.266335934557385,0.285,0.234,1,"Rapgef6"
"Trim12a",0.00164926721018011,0.368797180344226,0.209,0.165,1,"Trim12a"
"Usp34",0.00169481902148991,0.290209750777178,0.199,0.155,1,"Usp34"
"Rpsa",0.00169995616256101,-0.200801898474325,0.856,0.863,1,"Rpsa"
"Cdc37",0.00174418515415093,0.309406909290648,0.173,0.131,1,"Cdc37"
"Phf3",0.0017578589123694,0.205508190250487,0.215,0.168,1,"Phf3"
"Suds3",0.00179625286087427,0.279425737033854,0.155,0.114,1,"Suds3"
"Itgb2l",0.00179860470506517,0.3473910946605,0.307,0.261,1,"Itgb2l"
"Rnf111",0.00180323272750744,0.35007042499495,0.166,0.125,1,"Rnf111"
"Itgb1",0.00185788188578978,0.255101864884349,0.159,0.119,1,"Itgb1"
"Zeb2",0.00186520501151224,0.362986123487571,0.21,0.165,1,"Zeb2"
"C3",0.00190933418446466,0.379544425800121,0.284,0.24,1,"C3"
"mt-Nd3",0.00196183052575619,0.401014349904466,0.636,0.597,1,"mt-Nd3"
"Ubap2l",0.00198638715311356,0.26963528832541,0.222,0.175,1,"Ubap2l"
"Hnrnpc",0.00202301697751276,0.221694216992881,0.27,0.22,1,"Hnrnpc"
"Pira2",0.00203169614730788,0.354495452860824,0.168,0.129,1,"Pira2"
"Ripor2",0.0020799075494605,0.325988320790098,0.313,0.264,1,"Ripor2"
"Dock5",0.00221194164963496,0.234605058831547,0.192,0.147,1,"Dock5"
"2310001H17Rik",0.00222066770646916,0.221628612110884,0.318,0.268,1,"2310001H17Rik"
"Rab5c",0.0022700956264036,0.330912930969905,0.252,0.209,1,"Rab5c"
"Mpeg1",0.00234508571520084,0.354678215806614,0.222,0.176,1,"Mpeg1"
"Brd4",0.00235101336902944,0.253191271257738,0.195,0.151,1,"Brd4"
"Safb2",0.00249734732791114,0.288338164207149,0.169,0.129,1,"Safb2"
"Tut4",0.00252427889944212,0.341363032834629,0.17,0.129,1,"Tut4"
"Iqsec1",0.00255803541677171,0.453075038513065,0.174,0.136,1,"Iqsec1"
"Myadm",0.00256645126852944,0.260668424885921,0.244,0.191,1,"Myadm"
"Ube2k",0.00259214295164332,0.215051560122357,0.158,0.118,1,"Ube2k"
"Snx20",0.00267793659132049,0.263802500859217,0.456,0.399,1,"Snx20"
"Cdkn2d",0.00268174220796956,-0.397351397040205,0.286,0.321,1,"Cdkn2d"
"Notch1",0.00270245675434212,0.429551527165669,0.183,0.142,1,"Notch1"
"Usp3",0.00272822721176624,0.341675107305427,0.158,0.121,1,"Usp3"
"Vps4b",0.00278980631518357,0.233303504684157,0.299,0.246,1,"Vps4b"
"Mt1",0.0028016893444115,0.393440525512552,0.589,0.621,1,"Mt1"
"Kdm5b",0.00286052300440926,0.271727824024358,0.184,0.143,1,"Kdm5b"
"Junb",0.00286388070978768,0.25964945215599,0.911,0.928,1,"Junb"
"Xiap",0.00294624067216428,0.307099688360177,0.169,0.13,1,"Xiap"
"Gpi1",0.00295353637698992,-0.204603713382697,0.514,0.538,1,"Gpi1"
"Lmo4",0.00299599335574684,0.252280647043798,0.339,0.286,1,"Lmo4"
"Fcho2",0.00301184963033597,0.204819609963051,0.286,0.234,1,"Fcho2"
"Nr3c1",0.0032364484806659,0.336740248489282,0.228,0.186,1,"Nr3c1"
"Emd",0.00330123035210473,0.275431691682026,0.294,0.251,1,"Emd"
"Pnpla7",0.00337273733095083,0.370245853808396,0.16,0.123,1,"Pnpla7"
"Parvg",0.0034731854095525,0.308829196418087,0.156,0.118,1,"Parvg"
"Gmip",0.00348197364906168,0.264143931370203,0.204,0.161,1,"Gmip"
"Shoc2",0.00354911151131376,0.357876112597988,0.165,0.127,1,"Shoc2"
"Gadd45b",0.00365283023826961,0.314396472287981,0.386,0.34,1,"Gadd45b"
"Cd300lb",0.00365701176859917,0.252159497334359,0.223,0.179,1,"Cd300lb"
"Ctsz",0.00378504870262972,0.260993282260526,0.154,0.116,1,"Ctsz"
"Ttc7",0.00404659999524958,0.416467862635848,0.151,0.116,1,"Ttc7"
"Samd9l",0.00409935811401117,0.363209803415251,0.294,0.249,1,"Samd9l"
"Chmp3",0.00423455206382198,0.233154294542813,0.218,0.174,1,"Chmp3"
"Fam129a",0.00425843763849265,0.277352852290914,0.328,0.279,1,"Fam129a"
"Cdc5l",0.00437730530673836,0.204736061711063,0.178,0.137,1,"Cdc5l"
"Lrrk2",0.00440761008934066,0.323936884513633,0.19,0.152,1,"Lrrk2"
"Ewsr1",0.00449193415176334,0.223795301952139,0.151,0.115,1,"Ewsr1"
"Atp6v0d1",0.00455998307816982,0.262035468123593,0.232,0.188,1,"Atp6v0d1"
"Baz1b",0.00467006147155134,0.262674647532981,0.17,0.132,1,"Baz1b"
"Wac",0.00469391095735423,0.373446977166929,0.217,0.175,1,"Wac"
"Hp1bp3",0.00473115995125037,0.243740715917395,0.232,0.19,1,"Hp1bp3"
"Rpl19",0.00487240941892949,-0.207099657094672,0.936,0.948,1,"Rpl19"
"Tuba4a",0.00490887976651692,0.231286903216818,0.227,0.183,1,"Tuba4a"
"Dennd1b",0.00503292681101183,0.370327748566258,0.152,0.117,1,"Dennd1b"
"Cct2",0.0050351996180387,-0.452384058751005,0.132,0.164,1,"Cct2"
"Drap1",0.00505493425897041,0.213340438674579,0.251,0.206,1,"Drap1"
"Vrk1",0.00520131021387318,0.268614721684268,0.192,0.153,1,"Vrk1"
"Lcp2",0.00523592612742054,0.230448299303144,0.284,0.234,1,"Lcp2"
"Eif4ebp2",0.00551806112632311,0.214682777835606,0.218,0.175,1,"Eif4ebp2"
"Psmb6",0.00554748253529028,-0.25041842163308,0.162,0.2,1,"Psmb6"
"Nufip2",0.00561816571645948,0.280649552268981,0.176,0.138,1,"Nufip2"
"Sema4a",0.00563006724263225,0.341385602155566,0.221,0.18,1,"Sema4a"
"Ramac",0.00568620165959901,0.284777846329115,0.167,0.129,1,"Ramac"
"Lrp10",0.00614898118531024,0.387607301549375,0.165,0.131,1,"Lrp10"
"Tpm4",0.00616045810342149,0.273169441676804,0.362,0.311,1,"Tpm4"
"Cdc42ep3",0.00618906128124474,0.297596513802366,0.241,0.2,1,"Cdc42ep3"
"Acpp",0.00630401151022677,0.346676870793195,0.175,0.141,1,"Acpp"
"Tnrc6b",0.00660036939033545,0.201797718155245,0.432,0.382,1,"Tnrc6b"
"Atxn10",0.00684227112002051,-0.349326774996096,0.3,0.332,1,"Atxn10"
"Sdhb",0.00693122440867663,-0.373738886814567,0.174,0.21,1,"Sdhb"
"Uhrf1bp1l",0.0069708768604732,0.371797677939628,0.168,0.133,1,"Uhrf1bp1l"
"Cpne3",0.00702556232182574,0.270640275840545,0.374,0.332,1,"Cpne3"
"Arhgap4",0.00706023200968058,0.270279937425776,0.172,0.136,1,"Arhgap4"
"Rbm38",0.00711372034432753,0.264325252966772,0.18,0.142,1,"Rbm38"
"Usf2",0.0071756566059043,0.268797827341332,0.185,0.148,1,"Usf2"
"Myd88",0.00726432277044001,0.255569658091178,0.194,0.154,1,"Myd88"
"Ago2",0.00731874543979857,0.206790314178619,0.231,0.188,1,"Ago2"
"Apoe",0.00765937012456739,-0.298045600784311,0.503,0.527,1,"Apoe"
"Smim4",0.00767068522181973,0.202153370612706,0.24,0.199,1,"Smim4"
"Ppp1r3b",0.00772148651768527,0.242303199927328,0.294,0.25,1,"Ppp1r3b"
"Ptgs2",0.00798915538614777,0.372469472193127,0.451,0.412,1,"Ptgs2"
"Ythdf3",0.0081744496455376,0.269362079267598,0.15,0.117,1,"Ythdf3"
"Snx10",0.00821559644616509,0.267720016072455,0.263,0.22,1,"Snx10"
"Mboat7",0.00824964808973645,0.214759895776043,0.154,0.118,1,"Mboat7"
"Tnrc18",0.0084950744798792,0.249870915766145,0.201,0.162,1,"Tnrc18"
"Klhl24",0.0086292933167958,0.243796560324686,0.187,0.15,1,"Klhl24"
"Npepps",0.00894877270054551,0.209014583286206,0.224,0.186,1,"Npepps"
"Trappc4",0.00895939959426287,-0.449393499846989,0.183,0.216,1,"Trappc4"
"Zmpste24",0.00914423566554838,0.502240699310906,0.158,0.127,1,"Zmpste24"
"Limd2",0.00917866257690047,-0.237951150922788,0.473,0.488,1,"Limd2"
"Cyth4",0.00925354029548515,0.241351022217107,0.271,0.225,1,"Cyth4"
"Cpd",0.00932127381068739,0.259642523367102,0.273,0.226,1,"Cpd"
"Dock11",0.00942885530816652,0.235306541942556,0.156,0.121,1,"Dock11"
"Tmem131l",0.00974963174696665,0.327308114767952,0.173,0.14,1,"Tmem131l"
"Pdcd6",0.0100449135785647,-0.385446946513699,0.217,0.248,1,"Pdcd6"
"B230219D22Rik",0.0101353968048775,0.224798813103406,0.164,0.131,1,"B230219D22Rik"
"Capg",0.010416630430678,-0.330501810075443,0.273,0.302,1,"Capg"
"Tnfrsf1a",0.011278917040192,0.242209578761574,0.314,0.268,1,"Tnfrsf1a"
"Arf5",0.0113562743962153,-0.207026791625342,0.404,0.439,1,"Arf5"
"Pla2g7",0.0113977037564481,0.277921536156339,0.314,0.271,1,"Pla2g7"
"Mapkapk2",0.0114994379494057,0.252722569651523,0.23,0.19,1,"Mapkapk2"
"Ccnt1",0.0117134640176349,0.215434416814661,0.212,0.174,1,"Ccnt1"
"Bmx",0.011818795081239,0.32058810504267,0.236,0.2,1,"Bmx"
"Snrk",0.0118904592280404,0.294538532109291,0.193,0.158,1,"Snrk"
"Ets1",0.0123515315907622,0.335540460926158,0.189,0.158,1,"Ets1"
"Itch",0.0125801374759285,0.250760950163644,0.167,0.134,1,"Itch"
"Rap2c",0.0127607509409861,0.20465537495094,0.216,0.178,1,"Rap2c"
"Megf9",0.0129792522269011,0.276674709469218,0.206,0.172,1,"Megf9"
"Ifngr2",0.0131357208730186,0.280167692597931,0.196,0.16,1,"Ifngr2"
"Hexb",0.0132208138451704,-0.365484949074465,0.259,0.291,1,"Hexb"
"Jun",0.0132719661591353,-0.274496268053113,0.636,0.681,1,"Jun"
"Pkn1",0.0133085802422327,0.239022329382425,0.216,0.179,1,"Pkn1"
"Trappc6b",0.0134534687753345,-0.372969561614873,0.153,0.183,1,"Trappc6b"
"Taok3",0.0135456958295735,0.258481856636424,0.182,0.147,1,"Taok3"
"Chmp4b",0.0138238199083474,0.212714256244317,0.366,0.317,1,"Chmp4b"
"Rab32",0.0142111909834727,0.38188743630131,0.159,0.129,1,"Rab32"
"F5",0.014467106621059,0.336062537312512,0.192,0.158,1,"F5"
"Zfp106",0.0146330775418258,0.203548297641817,0.267,0.223,1,"Zfp106"
"Smg1",0.014715198011349,0.245190849485133,0.163,0.13,1,"Smg1"
"Fnbp1",0.015710873343517,0.248415664486616,0.183,0.15,1,"Fnbp1"
"Tm9sf2",0.0160387034414101,0.220685646023876,0.159,0.128,1,"Tm9sf2"
"Mllt10",0.0166359406816967,0.322315926837452,0.154,0.124,1,"Mllt10"
"Ndufs5",0.0169400164428834,-0.239881803002095,0.319,0.357,1,"Ndufs5"
"Rab11fip1",0.0176029266337438,0.307549889279499,0.26,0.223,1,"Rab11fip1"
"Slc22a15",0.0180249202816116,0.338302161136225,0.19,0.158,1,"Slc22a15"
"mt-Nd5",0.0181351389092242,0.345460694351612,0.74,0.73,1,"mt-Nd5"
"Lgals9",0.0184424881635824,0.225434307192256,0.198,0.163,1,"Lgals9"
"Nfkbiz",0.0188347859349948,0.219941308979201,0.516,0.485,1,"Nfkbiz"
"Scand1",0.0190646512716441,-0.212111894748109,0.415,0.445,1,"Scand1"
"Pag1",0.0191348098622698,0.215790045613209,0.237,0.199,1,"Pag1"
"Zfp608",0.0191935986158745,0.313810131127124,0.156,0.128,1,"Zfp608"
"Rnf167",0.0193011332872446,0.205598268474157,0.241,0.205,1,"Rnf167"
"Glipr1",0.0193117713509797,0.254523515239556,0.261,0.222,1,"Glipr1"
"Fam49b",0.0193350385388711,-0.202177581834282,0.582,0.598,1,"Fam49b"
"Timp2",0.0195252814783863,-0.316362316342088,0.293,0.321,1,"Timp2"
"Mgst2",0.0201120137453243,-0.387310260581948,0.192,0.218,1,"Mgst2"
"Tra2b",0.0201829469031861,0.202808353796322,0.195,0.16,1,"Tra2b"
"Smpdl3a",0.0202590325542161,-0.45521078461241,0.19,0.217,1,"Smpdl3a"
"Dusp5",0.0203280242175304,0.28521661847925,0.25,0.213,1,"Dusp5"
"Cfp",0.0206069366282283,-0.308811591100006,0.215,0.241,1,"Cfp"
"Osm",0.0206399110061569,-0.250260124569758,0.332,0.358,1,"Osm"
"Ubxn4",0.0208481305739672,-0.269626005392596,0.25,0.285,1,"Ubxn4"
"Zdhhc18",0.0218244967358714,0.332565532216254,0.151,0.123,1,"Zdhhc18"
"Sypl",0.0227373248467369,0.313252042554655,0.163,0.133,1,"Sypl"
"Fry",0.0230249614516473,0.216487877524457,0.169,0.138,1,"Fry"
"mt-Atp6",0.0230721697460841,0.265671944278042,0.922,0.935,1,"mt-Atp6"
"Ptk2b",0.0231685521106492,0.224528606887039,0.231,0.194,1,"Ptk2b"
"Ndufs7",0.0232934676985164,-0.402349062246906,0.171,0.198,1,"Ndufs7"
"Epsti1",0.0235922482680877,0.238710185714954,0.16,0.129,1,"Epsti1"
"Fem1c",0.0243100112152856,0.359019993871897,0.153,0.124,1,"Fem1c"
"Nfat5",0.0253195557110419,0.255246029239275,0.171,0.14,1,"Nfat5"
"Flot1",0.026925424004869,-0.417462653790136,0.25,0.272,1,"Flot1"
"Ly6g",0.0273157039077139,-0.204468631694009,0.37,0.403,1,"Ly6g"
"Ankrd11",0.0275976002824792,0.245582333353358,0.472,0.449,1,"Ankrd11"
"Tbc1d15",0.027845036422817,0.242011419110846,0.167,0.136,1,"Tbc1d15"
"Clec4e",0.028004539574256,0.241940990837503,0.634,0.592,1,"Clec4e"
"9530068E07Rik",0.0281549977063465,0.293140063816986,0.162,0.134,1,"9530068E07Rik"
"Mrfap1",0.0282374258137998,-0.241289379888219,0.198,0.228,1,"Mrfap1"
"Acod1",0.028759196780199,0.464451398004006,0.315,0.287,1,"Acod1"
"Rassf2",0.0291180855112612,0.271016761271112,0.155,0.127,1,"Rassf2"
"Stim1",0.030079553060295,-0.421120833245166,0.139,0.164,1,"Stim1"
"Il16",0.0301972258353975,0.296872557009623,0.169,0.141,1,"Il16"
"Flot2",0.0307692799798128,0.310499399111386,0.152,0.126,1,"Flot2"
"Ccl6",0.0313263328156601,-0.275717963281621,0.383,0.413,1,"Ccl6"
"Padi4",0.032226406457391,-0.228862599612606,0.256,0.285,1,"Padi4"
"Ethe1",0.0328523792693393,-0.239662936432794,0.167,0.199,1,"Ethe1"
"Sept7",0.0339521626018252,-0.200161449511294,0.327,0.357,1,"Sept7"
"Hcls1",0.0343459839266706,0.202274647339094,0.455,0.42,1,"Hcls1"
"Rbfa",0.0348843521482491,-0.331797547703472,0.209,0.235,1,"Rbfa"
"Ubxn1",0.0349156090633493,-0.305291676284704,0.279,0.306,1,"Ubxn1"
"Tctex1d2",0.0352811296768761,0.204985569395453,0.211,0.177,1,"Tctex1d2"
"Malt1",0.0355776388733678,0.211177226389454,0.214,0.184,1,"Malt1"
"Rabgef1",0.0365930103653389,0.336988258363172,0.213,0.184,1,"Rabgef1"
"1110008P14Rik",0.0372271203735897,-0.413316674498319,0.244,0.267,1,"1110008P14Rik"
"Riok3",0.0382795536624471,-0.263129501756356,0.363,0.384,1,"Riok3"
"Ltb",0.0388006486173019,0.26796298635806,0.278,0.243,1,"Ltb"
"Sh3bp5",0.0407412337558876,0.320387257722428,0.169,0.145,1,"Sh3bp5"
"Ube2h",0.0409952329500855,-0.29577550432574,0.166,0.192,1,"Ube2h"
"Brd3",0.0424167342559083,0.225142548685264,0.164,0.137,1,"Brd3"
"Hnrnpul1",0.0429223766560063,0.223703126535342,0.196,0.169,1,"Hnrnpul1"
"Glrx",0.0432717075315179,-0.205936967365625,0.354,0.378,1,"Glrx"
"Cklf",0.0439651195483185,-0.303740716693215,0.229,0.255,1,"Cklf"
"1600010M07Rik",0.0444080252625505,0.211375834187517,0.195,0.163,1,"1600010M07Rik"
"Hacd4",0.0447432735229378,-0.237545110986954,0.348,0.366,1,"Hacd4"
"Ccnd3",0.0448755521284939,-0.200537012192842,0.328,0.352,1,"Ccnd3"
"Tecr",0.0449171619875598,-0.261444796008492,0.324,0.344,1,"Tecr"
"Gm26740",0.0458530007035153,-0.203318235891389,0.307,0.33,1,"Gm26740"
"Csnk2b",0.0472402425077635,-0.245869332099357,0.234,0.261,1,"Csnk2b"
"Rab44",0.0472462552116263,-0.376446619936468,0.149,0.171,1,"Rab44"
"Col4a3bp",0.0473176691290297,0.221759373424405,0.167,0.139,1,"Col4a3bp"
"Hpcal1",0.051036931988186,-0.37740296508782,0.147,0.167,1,"Hpcal1"
"Snrpf",0.0514263913390578,-0.317960549311884,0.137,0.16,1,"Snrpf"
"Ier5",0.0514318639183401,-0.284757587417209,0.332,0.348,1,"Ier5"
"Smim14",0.0517645671714853,-0.238497438038324,0.292,0.317,1,"Smim14"
"Syne1",0.0528380573929467,0.264001149274574,0.475,0.464,1,"Syne1"
"Pde2a",0.0532093453534471,0.25256936069018,0.194,0.167,1,"Pde2a"
"Nsrp1",0.053523688024299,0.262859798968393,0.185,0.159,1,"Nsrp1"
"Dgkh",0.0540395413241115,0.236306834000173,0.179,0.152,1,"Dgkh"
"Ccdc88b",0.0544704548712964,0.339911604030297,0.156,0.133,1,"Ccdc88b"
"Vim",0.0577472208084169,-0.205737983400158,0.415,0.424,1,"Vim"
"Trp53inp2",0.0588199563472945,0.280698265461724,0.161,0.139,1,"Trp53inp2"
"Zc3h12a",0.0597346798400067,0.2600088953921,0.211,0.184,1,"Zc3h12a"
"Mien1",0.0617644606093051,-0.348051837801355,0.153,0.175,1,"Mien1"
"Psma4",0.0617729660865359,-0.472211050452314,0.141,0.16,1,"Psma4"
"Ninj1",0.0623331839760297,0.22519936654531,0.234,0.202,1,"Ninj1"
"Hist1h1e",0.0639550606834764,-0.289175991645013,0.165,0.188,1,"Hist1h1e"
"Slc6a6",0.0642978595610823,0.215768328173035,0.462,0.449,1,"Slc6a6"
"Psma1",0.0652261214847963,-0.394679027356744,0.211,0.23,1,"Psma1"
"Supt20",0.0666467205543606,0.225063396821143,0.163,0.139,1,"Supt20"
"Tnfaip3",0.0678524642954965,0.265012171665231,0.363,0.335,1,"Tnfaip3"
"Iqgap2",0.0695047001668563,0.202348171887684,0.155,0.132,1,"Iqgap2"
"Birc3",0.069687745524497,0.228635300503973,0.241,0.211,1,"Birc3"
"Mff",0.0725745104244295,-0.305109886673482,0.166,0.187,1,"Mff"
"Triobp",0.0756001053316439,-0.334124434049798,0.173,0.194,1,"Triobp"
"Hcfc1r1",0.0825920222283908,-0.369315804298544,0.199,0.217,1,"Hcfc1r1"
"Ltf",0.0867731582603356,0.327867466819964,0.373,0.376,1,"Ltf"
"Adprh",0.0929840029826327,-0.389987594645663,0.179,0.195,1,"Adprh"
"Cstdc4",0.0957956871590887,-0.455889430867985,0.147,0.166,1,"Cstdc4"
"Mindy1",0.0959612024976194,-0.259860081681001,0.15,0.171,1,"Mindy1"
"Rgs19",0.101652571003317,-0.324588550659043,0.175,0.192,1,"Rgs19"
"Prkd3",0.104695828554904,0.266834276505842,0.191,0.17,1,"Prkd3"
"Ptges3",0.11109841416274,-0.245293128765967,0.157,0.176,1,"Ptges3"
"Adipor2",0.113634654342281,0.223118779626718,0.172,0.151,1,"Adipor2"
"Trim30b",0.11428218369412,0.285868882769812,0.211,0.188,1,"Trim30b"
"Plk3",0.114628804749956,0.306507967261518,0.293,0.272,1,"Plk3"
"Hnrnpd",0.122310700699313,-0.23922840608618,0.261,0.281,1,"Hnrnpd"
"Lamtor1",0.122988555856567,-0.299525585535712,0.217,0.233,1,"Lamtor1"
"Cdadc1",0.132138410019484,-0.282242333109679,0.172,0.189,1,"Cdadc1"
"Txnl1",0.138450063268933,-0.352700118407836,0.212,0.226,1,"Txnl1"
"Cd177",0.140316322166169,0.289955206023534,0.425,0.44,1,"Cd177"
"Dctn3",0.14108700239801,-0.297759182484649,0.202,0.218,1,"Dctn3"
"Tomm22",0.143666785337574,-0.280986536806956,0.267,0.279,1,"Tomm22"
"Cybb",0.151953637497911,0.252102698682991,0.463,0.464,1,"Cybb"
"Hacd2",0.160861502267365,-0.229944555649921,0.173,0.189,1,"Hacd2"
"Scamp2",0.162645958035532,0.208638838645088,0.213,0.196,1,"Scamp2"
"Psenen",0.165866892343057,-0.24587369420037,0.329,0.34,1,"Psenen"
"Cnih4",0.170098386870464,-0.223696270327327,0.231,0.247,1,"Cnih4"
"Psme2",0.176246134944201,-0.250132853139687,0.235,0.25,1,"Psme2"
"Far1",0.177350346801779,-0.203314837524726,0.231,0.243,1,"Far1"
"Fpr1",0.184358072101338,-0.256805294288488,0.229,0.245,1,"Fpr1"
"Hsd11b1",0.19788664318694,-0.208967527931565,0.216,0.232,1,"Hsd11b1"
"Mettl9",0.204500027700314,-0.215689683583713,0.317,0.327,1,"Mettl9"
"Atp5k",0.209049026924436,0.22768157265525,0.567,0.56,1,"Atp5k"
"Tlr2",0.209278031990881,0.272149882872379,0.25,0.234,1,"Tlr2"
"Dstn",0.220409012096742,0.229321760450473,0.861,0.879,1,"Dstn"
"Polr2j",0.248111964768621,-0.325647773954067,0.153,0.164,1,"Polr2j"
"Gng2",0.249739718483742,-0.208588784756852,0.205,0.216,1,"Gng2"
"Rsu1",0.260329414765167,-0.209645091093064,0.221,0.235,1,"Rsu1"
"Furin",0.261861011537262,0.230591227022249,0.164,0.147,1,"Furin"
"Qk",0.26634235026297,-0.297715139288569,0.175,0.185,1,"Qk"
"Serpinb1a",0.266781972680799,-0.209210356825191,0.287,0.296,1,"Serpinb1a"
"Rgs1",0.267342060893049,-0.213160701858558,0.167,0.181,1,"Rgs1"
"Crlf2",0.27045909517979,-0.204999605165034,0.221,0.23,1,"Crlf2"
"Fosb",0.299349650427634,0.322543154538325,0.303,0.344,1,"Fosb"
"Ech1",0.301361921058005,-0.344968339265636,0.149,0.158,1,"Ech1"
"Map2k2",0.311668460301606,-0.256471637191876,0.159,0.169,1,"Map2k2"
"Cul3",0.31171779163165,-0.267577586493675,0.183,0.192,1,"Cul3"
"Ndufa8",0.317261722991945,-0.33924147505532,0.242,0.247,1,"Ndufa8"
"Pcmt1",0.325891221176062,-0.275245292272459,0.184,0.194,1,"Pcmt1"
"Rab4b",0.32621743670413,-0.304452179022083,0.186,0.195,1,"Rab4b"
"Clec4d",0.334898588478412,0.231504784082497,0.387,0.378,1,"Clec4d"
"Ap2s1",0.342894652380542,-0.236635092220312,0.239,0.246,1,"Ap2s1"
"9830107B12Rik",0.357183078747569,-0.276418834961579,0.152,0.158,1,"9830107B12Rik"
"Ube2m",0.365146851838959,-0.257318942608477,0.144,0.154,1,"Ube2m"
"Neat1",0.368749884704954,0.206674423938111,0.758,0.775,1,"Neat1"
"Ndufs4",0.401905514240503,-0.235573657804429,0.188,0.196,1,"Ndufs4"
"Chmp5",0.411903093788057,-0.209732781425625,0.219,0.224,1,"Chmp5"
"Tmem134",0.415908070711813,-0.239585771494364,0.278,0.28,1,"Tmem134"
"Stfa2l1",0.421233205908276,-0.279843724462985,0.221,0.228,1,"Stfa2l1"
"Srgn",0.430588000029155,0.218170335211881,0.916,0.94,1,"Srgn"
"Tmed9",0.438683163914108,-0.300476123406508,0.153,0.158,1,"Tmed9"
"Atp6ap2",0.448838368272747,-0.226913543914699,0.185,0.191,1,"Atp6ap2"
"Hist1h1c",0.461773916053131,-0.271348417334989,0.224,0.228,1,"Hist1h1c"
"Tmem167",0.47344887854068,-0.214485497380783,0.23,0.233,1,"Tmem167"
"Aprt",0.502357378706983,-0.22337041934209,0.281,0.281,1,"Aprt"
"Taf10",0.504201036977339,-0.279874067820395,0.229,0.231,1,"Taf10"
"Cks2",0.508697458753817,-0.21328044002921,0.292,0.297,1,"Cks2"
"mt-Nd4l",0.514780499859358,0.279192840180505,0.604,0.582,1,"mt-Nd4l"
"Eif4h",0.52460213312657,-0.234579157660363,0.149,0.154,1,"Eif4h"
"Mfsd14b",0.562153646417835,-0.223367546795244,0.212,0.213,1,"Mfsd14b"
"Psmd8",0.581387631159919,-0.307111129703711,0.173,0.176,1,"Psmd8"
"Vps29",0.581903780257175,-0.295288841605537,0.158,0.16,1,"Vps29"
"Ddx46",0.600068373962732,-0.208914793782208,0.156,0.159,1,"Ddx46"
"Ccl4",0.628164790903687,-0.455436179149693,0.149,0.152,1,"Ccl4"
"Vps35",0.64310772624429,-0.332486033779313,0.173,0.159,1,"Vps35"
"Ccrl2",0.655088168779808,-0.24356034641068,0.405,0.404,1,"Ccrl2"
"Suco",0.65966949894273,-0.217159940528009,0.168,0.169,1,"Suco"
"Dnaja2",0.661880604396267,-0.231936728463114,0.153,0.156,1,"Dnaja2"
"Eloc",0.670036167782261,-0.227449151195234,0.228,0.228,1,"Eloc"
"Dusp1",0.742520757057922,0.278029345409609,0.607,0.666,1,"Dusp1"
"Mrps18c",0.756579034336815,-0.270101115898369,0.182,0.181,1,"Mrps18c"
"AY036118",0.756696164801463,0.34217461576932,0.584,0.619,1,"AY036118"
"Gnb1",0.775400347741594,0.240205709459694,0.646,0.622,1,"Gnb1"
"Rasgrp2",0.778029754164564,-0.207162090561326,0.171,0.171,1,"Rasgrp2"
"Rer1",0.821659096413239,-0.209374231884788,0.222,0.217,1,"Rer1"
"Socs3",0.843790158482168,-0.20981248018983,0.292,0.274,1,"Socs3"
"Mrpl57",0.866687940622903,-0.251539258042196,0.171,0.164,1,"Mrpl57"
"Hnrnpdl",0.885762971986818,-0.245543998155058,0.179,0.174,1,"Hnrnpdl"
"Hnrnpul2",0.913235011101835,-0.234014369414968,0.229,0.221,1,"Hnrnpul2"
"Tnf",0.914832069403561,-0.377068627907327,0.162,0.158,1,"Tnf"
"Lsm6",0.921820070350979,-0.206216835103898,0.152,0.147,1,"Lsm6"
"Asah1",0.932277686728597,-0.221906948894844,0.151,0.15,1,"Asah1"
